aa,codon,occurrence
M,ATG,31
S,TCT,34
G,GGA,63
A,GCC,77
S,AGT,19
G,GGG,51
T,ACT,54
I,ATT,33
A,GCT,40
E,GAA,79
L,TTG,22
F,TTT,32
I,ATC,37
S,TCA,31
S,TCC,35
V,GTA,38
L,TTA,70
G,GGT,23
Y,TAC,41
R,AGG,25
V,GTG,28
D,GAC,55
E,GAG,59
P,CCC,83
R,AGA,49
P,CCT,53
V,GTT,33
S,TCG,7
W,TGG,54
Y,TAT,29
R,CGA,28
S,AGC,17
R,CGC,13
A,GCG,10
A,GCA,49
R,CGT,8
L,CTT,32
V,GTC,34
C,TGT,20
T,ACG,14
F,TTC,34
L,CTA,60
T,ACC,68
G,GGC,20
Q,CAA,74
L,CTG,46
L,CTC,51
H,CAC,30
R,CGG,21
H,CAT,32
N,AAT,34
Q,CAG,55
K,AAA,79
K,AAG,59
T,ACA,40
I,ATA,25
D,GAT,52
N,AAC,39
P,CCG,25
P,CCA,54
C,TGC,20
*,TAG,1
*,TAA,1
*,TGA,1
